,,,,,,,,,,,
,,,,,,,,,,,
,,,,,,,,,,,
,,,,,,,,,,,
,,,,,,,,,,,
,,,,,,,,,,,
,,,,,,,,,,,
,,,,,,,,,,,
,,,,,,,,,,,
,,,,,,,,,,,
,,,,,,,,,,,
,,,,,,,,,,,
,,,,,,,,,,,
,,,,,,,,,,,
,,,,,,,,,,,
,,,,,,,,,,,
,,,,,,,,,,,
,,,,,,,,,,,
,,,,,,,,,,,
,,,,,,,,,,,
,,,,,,,,,,,
,,,,,,,,,,,
,,,,,,,,,,,
,,,,,,,,,,,
,,,,,,,,,,,
,,,,,,,,,,,
,,,,,,,,,,,
,,,,,,,,,,,
,,,,,,,,,,,
,,,,,,,,,,,
,,,,,,,,,,,
,,,,,,,,,,,
,,,,,,,,,,,
,,,,,,,,,,,
,,,,,,,,,,,
,,,,,,,,,,,
,,,,,,,,,,,
,,,,,,,,,,,
,,,,,,,,,,,
,,,,,,,,,,,
,,,,,,,,,,,
,,,,,,,,,,,
,,,,,,,,,,,
,,,,,,,,,,,
,,,,,,,,,,,
,,,,,,,,,,,
,,,,,,,,,,,
,,,,,,,,,,,
,,,,,,,,,,,
,,,,,,,,,,,
,,,,,,,,,,,
,,,,,,,,,,,
,,,,,,,,,,,
,,,,,,,,,,,
,,,,,,,,,,,
,,,,,,,,,,,
,,,,,,,,,,,
,,,,,,,,,,,
,,,,,,,,,,,
,,,,,,,,,,,
,,,,,,,,,,,
,,,,,,,,,,,
,,,,,,,,,,,
,,,,,,,,,,,
,,,,,,,,,,,
,,,,,,,,,,,
,,,,,,,,,,,
,,,,,,,,,,,
,,,,,,,,,,,
,,,,,,,,,,,
,,,,,,,,,,,
,,,,,,,,,,,
,,,,,,,,,,,
,,,,,,,,,,,
,,,,,,,,,,,
,,,,,,,,,,,
,,,,,,,,,,,
,,,,,,,,,,,
,,,,,,,,,,,
,,,,,,,,,,,
,,,,,,,,,,,
,,,,,,,,,,,
,,,,,,,,,,,
,,,,,,,,,,,
,,,,,,,,,,,
,,,,,,,,,,,
,,,,,,,,,,,
,,,,,,,,,,,
,Прайс-лист,,,,,,,,,,
,,,,,,,,,,,
,"ФЛП Бордун Светлана Николаевна , тел.: (0342) 55-20-55",,,,,,,,,,
,,,,,,,,,,,
,В валюте: грн (курс 1).,,,,,,,,,,
,Группа:ТНП,,,,,,,,,,
,Данные на 11.10.2013,,,,,,,,,,
,,,,,,,,,,,
,Наименование,Остаток,Свободный остаток,Кол-во в уп.,Сводный код," Розн. До 1,5 тыс.","От 1,5 тыс. до 3 тыс.",От 3 тыс. до 20 тыс.,Свыше 20  тыс.,Спецпредложение,
,,,,,,,,,,Цена,Условие
,ТНП,,,,,,,,,,
,    31. ТНП Q,,,,,,,,,,
,         !Бытовая техника ArtLife Q,,,,,,,,,,
,            Ваги кухоні ArtLife ,,,,,,,,,,
,"                AL2510 eлектронні, скляна платформа, до 5кг ",2,2,1,70097002,84.00 грн,69.00 грн,59.04 грн,57.00 грн,,
,         !Бытовая техника Sinbo Q,,,,,,,,,,
,"            Бритва електрична ""Sinbo""",,,,,,,,,,
,                SS-4025,1,1,12,64933004,180.00 грн,144.00 грн,123.00 грн,120.00 грн,,
,                SS-4028 (2в1+тример),5,5,8,64933001,351.00 грн,297.00 грн,243.00 грн,219.00 грн,,
,                SS-4031,1,1,1,64933003,150.00 грн,108.00 грн,90.00 грн,84.00 грн,,
,"            Ваги кухонні ""Sinbo""",,,,,,,,,,
,                цифрові SKS-4513 (млин),2,2,1,64926005,177.00 грн,108.30 грн,92.10 грн,84.00 грн,,
,                цифрові SKS-4514 (скло),4,4,12,64926006,150.00 грн,94.20 грн,78.60 грн,75.00 грн,,
,                цифрові SKS-4516 (чаша),3,3,12,64926007,153.00 грн,96.00 грн,81.00 грн,79.00 грн,,
,"            Ваги підлогові ""Sinbo""",,,,,,,,,,
,                SBS-4418 скло кольор.,18,18,5,64935002,135.00 грн,84.00 грн,72.00 грн,69.00 грн,,
,                SBS-4421 скло кольор.,13,13,,64935003,144.00 грн,90.00 грн,78.00 грн,72.00 грн,,
,"            Диспенсер для рiдкого мила ""Sinbo"" SD-6801",3,3,8,88997000,240.00 грн,156.30 грн,129.00 грн,119.00 грн,,
,"            Кавоварка електрична ""Sinbo""",,,,,,,,,,
,"                SCM-2922 (0.3л, нерж, подставка)",5,5,12,64929004,252.00 грн,198.00 грн,168.00 грн,160.00 грн,,
,"            Кофемашина ""Sinbo"" ",,,,,,,,,,
,                SCM-2935,2,2,,70189003,225.00 грн,129.00 грн,114.00 грн,110.00 грн,,
,"            Кавомолка електрична ""Sinbo"" ",,,,,,,,,,
,                SCM-2914 плюс подрібнювач (2в1),5,5,,70185002,276.00 грн,213.00 грн,186.00 грн,165.00 грн,,
,"            Машинка для стрижки ""Sinbo"" ",,,,,,,,,,
,                SHC-4342,3,3,20,70275003,132.00 грн,102.00 грн,87.00 грн,83.00 грн,,
,                SHC-4346,1,1,12,70275002,90.00 грн,69.00 грн,60.00 грн,57.00 грн,,
,                SHC-4348,7,7,,70275001,117.00 грн,90.00 грн,78.00 грн,69.00 грн,,
,                SHC-4352,2,2,,70275004,210.00 грн,165.00 грн,141.00 грн,135.00 грн,,
,"            Міксер ""Sinbo""",,,,,,,,,,
,                SMX-2714,2,2,1,70067004,351.00 грн,258.00 грн,219.00 грн,201.00 грн,,
,                SMX-2720,11,11,6,70067001,150.00 грн,108.00 грн,90.00 грн,87.00 грн,,
,                SMX-2724,5,5,6,70067005,291.00 грн,210.00 грн,180.00 грн,159.00 грн,,
,                SMX-2727 + блендер,4,4,1,70067003,351.00 грн,258.00 грн,219.00 грн,210.00 грн,,
,"            Пароварка ""Sinbo""  ",,,,,,,,,,
,                SFS-5702,2,2,6,70186001,252.00 грн,159.00 грн,141.00 грн,132.00 грн,,
,                SFS-5703 (нерж),3,3,6,70186002,246.00 грн,177.00 грн,153.00 грн,145.00 грн,,
,"            Прилад для укладання волосся ""Sinbo""",,,,,,,,,,
,                SHD-2651 (дуйка+5 насадок),5,5,1,64930008,240.00 грн,156.00 грн,135.00 грн,130.00 грн,,
,                SHD-2692 прасочка керам.,1,1,1,64930003,132.00 грн,72.00 грн,60.00 грн,55.00 грн,,
,                SHD-2694 (плойка+щітка),4,4,1,64930002,120.00 грн,72.00 грн,60.00 грн,55.00 грн,,
,                SHD-7016 випрямлювач,7,7,1,64930005,132.00 грн,78.00 грн,63.00 грн,60.00 грн,,
,"            Пилосос ""Sinbo""",,,,,,,,,,
,                SVC-3446,3,3,1,70071002,465.00 грн,360.00 грн,312.00 грн,299.00 грн,,
,                SVC-3459,1,1,1,70071001,651.00 грн,540.00 грн,486.00 грн,477.00 грн,,
,"            Ручний подрiбнювач ""Sinbo"" ",,,,,,,,,,
,                STO-6506 (мiнi подр.),1,1,1,70319003,99.00 грн,75.00 грн,63.00 грн,59.00 грн,,
,                STO-6508,1,1,1,70319001,99.00 грн,75.00 грн,63.00 грн,59.00 грн,,
,                STO-6509 (мельниця),2,2,1,70319002,99.00 грн,75.00 грн,63.00 грн,59.00 грн,,
,"            Сендвічниця електрична ""Sinbo""  ",,,,,,,,,,
,                SSM-2520G,3,3,,70183002,216.00 грн,174.00 грн,156.00 грн,150.00 грн,,
,                SSM-2520W (вафельниця),2,2,,70183003,249.00 грн,195.00 грн,174.00 грн,168.00 грн,,
,                SSM-2520Т (трикутна),1,1,6,70183004,192.00 грн,150.00 грн,132.00 грн,129.00 грн,,
,"            Тостер ""Sinbo"" ",,,,,,,,,,
,                ST- 2416 ,1,1,1,70070001,180.00 грн,111.00 грн,96.00 грн,90.00 грн,,
,"            Триммер д/вилуч. волосся в носі/вухах ""Sinbo""",,,,,,,,,,
,                STR-4912,4,4,20,64932001,45.00 грн,28.20 грн,23.10 грн,21.00 грн,,
,                STR-4913,5,5,1,64932002,45.00 грн,27.00 грн,22.80 грн,20.40 грн,,
,"            Зволожувач повітря ""Sinbo""",,,,,,,,,,
,                SAH-6107,3,3,2,70072001,321.00 грн,276.00 грн,229.20 грн,219.00 грн,,
,"            Праска ""Sinbo""",,,,,,,,,,
,"                SSI-2851 керам, пар, 2000W(2845)",12,11,1,64934001,222.00 грн,138.00 грн,117.00 грн,111.00 грн,,
,"                SSI-2854 нерж, пар, 2000W",4,4,10,64934005,222.00 грн,138.00 грн,117.00 грн,108.00 грн,,
,"                SSI-2861 тефлон, пар, 1200W",3,3,8,64934007,144.00 грн,90.00 грн,75.00 грн,69.00 грн,,
,"                SSI-2872 керам, пар, 2000W",3,3,1,64934009,222.00 грн,138.00 грн,117.00 грн,111.00 грн,,
,"            Фрітюрниця ""Sinbo"" SDF-3822",1,1,1,70069000,180.00 грн,120.00 грн,99.00 грн,96.00 грн,,
,"            Хлібопіч ""Sinbo""",,,,,,,,,,
,                SBM-4712,3,3,2,70020001,750.00 грн,630.00 грн,549.00 грн,531.00 грн,,
,"            Чайник електричний ""Sinbo""",,,,,,,,,,
,"                SK-2384B (1.5л, диск)",12,12,1,64928006,222.00 грн,117.00 грн,102.00 грн,96.00 грн,,
,"                SK-2385B (1,7 л, нерж. + пласт.)",3,3,1,64928009,231.00 грн,138.00 грн,111.00 грн,108.00 грн,,
,"                SK-7307 (1,5 л, пласт. + скло)",8,8,6,64928012,258.00 грн,186.00 грн,162.00 грн,155.00 грн,,
,                ТЕРМОПОТ SK-2394,3,3,1,64928008,351.00 грн,300.00 грн,249.00 грн,240.00 грн,,
,"                ТЕРМОПОТ SK-2395 (3,2 л)",5,5,1,64928010,402.00 грн,327.00 грн,282.00 грн,279.00 грн,,
,"            Епілятор ""Sinbo"" ",,,,,,,,,,
,                SEL-6012,4,4,,70184001,351.00 грн,231.00 грн,207.00 грн,201.60 грн,,
,         1 Мясорубки,,,,,,,,,,
,            Мясорубки ручные,,,,,,,,,,
,"                М'ясорубка алюмінієва ""МА-С-1""",7,7,1,66308000,120.00 грн,75.60 грн,67.20 грн,64.00 грн,,
,"                М`ясорубка алюмінієва сувенірна ""МА-С-1""",9,9,1,93431000,165.00 грн,117.00 грн,111.00 грн,108.00 грн,,
,"                М'ясорубка чавунна ""МЧ-С-1""",4,4,1,66307000,140.04 грн,108.00 грн,102.00 грн,97.00 грн,,
,"            ЕлектроМіксер ЭМР-205 ""Вихор"" (Мінськ)",4,4,1,85670000,265.02 грн,265.02 грн,265.02 грн,265.00 грн,,
,"            Електром'ясорубка ""Помічниця"" (Мінськ)",,,,,,,,,,
,"                201-00 (600-1000Вт) КЕМ-П2У з шатківницею+""реверс""",1,1,1,64707010,900.00 грн,801.00 грн,709.50 грн,700.00 грн,,от 50 шт.
,"                201-01 (600-1000Вт) КЕМ-П2У +""реверс""",2,2,1,64707011,780.00 грн,630.00 грн,558.00 грн,550.00 грн,,от 50 шт.
,"                201-02 (600-1000Вт) КЕМ-П2У з шатківницею и соковитиск.+""реверс""",1,1,1,64707012,"1,002.00 грн",807.00 грн,732.00 грн,710.00 грн,,от 50 шт.
,"                202-01 (900-1300Вт) КЕМ-П2У+""реверс""",4,4,1,64707016,889.20 грн,661.20 грн,598.80 грн,570.00 грн,,от 50 шт.
,"                202-02 (900-1300Вт) КЕМ-П2У з шатківницею и соковитиск.+""реверс""",4,4,1,64707017,"1,140.00 грн",866.40 грн,781.20 грн,740.00 грн,,от 50 шт.
,"                202-03 (900-1300Вт) КЕМ-П2У з соковитиск.+""реверс""",1,1,1,64707018,992.40 грн,741.60 грн,667.20 грн,630.00 грн,,от 50 шт.
,                22 (600-1000Вт) КЕМ-36 з шатківницею,2,2,1,64707009,814.80 грн,632.40 грн,570.00 грн,540.00 грн,,от 50 шт.
,                23 (600-1000Вт) КЕМ-36,3,3,1,64707001,837.60 грн,513.60 грн,464.40 грн,444.00 грн,,от 50 шт.
,                24 (600-1000Вт) КЕМ-36 з шатківницею,43,43,1,64707002,934.80 грн,604.80 грн,547.20 грн,515.00 грн,,от 50 шт.
,                25 (600Вт) КЕМ-36 з шатківницею и соковитиск.,6,6,1,64707003,940.80 грн,678.00 грн,613.20 грн,580.00 грн,,от 50 шт.
,                25 (600Вт) КЕМ-36 з шатківницею и соковитиск. (свiтло-зелена),2,2,1,64707022,940.80 грн,678.00 грн,613.20 грн,580.00 грн,,от 50 шт.
,                26 (600-1000Вт) КЕМ-36 з соковитиск.,2,2,1,64707004,783.60 грн,570.00 грн,513.60 грн,490.00 грн,,от 50 шт.
,                302-01 (1500Вт) КЕМ-П2У(мод.23),3,3,1,64707024,873.00 грн,549.00 грн,495.00 грн,471.00 грн,,от 50 шт.
,                302-02 (1500Вт) КЕМ-П2У(мод.24),5,5,1,64707025,951.00 грн,651.00 грн,582.00 грн,558.00 грн,,от 50 шт.
,                302-03 (1500Вт) КЕМ-П2У(мод.25),1,1,1,64707026,957.00 грн,735.00 грн,654.00 грн,630.00 грн,,от 50 шт.
,                302-04 (1500Вт) КЕМ-П2У(мод.26),1,1,1,64707027,798.00 грн,613.02 грн,549.00 грн,525.00 грн,,от 50 шт.
,"                31 (600-1000Вт) КЕМ-36 мод.23+ ""реверс""",2,2,1,64707005,783.60 грн,570.00 грн,507.60 грн,485.00 грн,,от 50 шт.
,"                32 (600-1000Вт) КЕМ-36 мод.24+ ""реверс""",3,3,1,64707006,889.20 грн,667.20 грн,604.80 грн,570.00 грн,,от 50 шт.
,"                33 (600-1000Вт) КЕМ-36 мод.25+ ""реверс""",1,1,1,64707007,940.80 грн,746.40 грн,673.20 грн,635.00 грн,,от 50 шт.
,"                34 (600-1000Вт) КЕМ-36 мод.26+ ""реверс""",2,2,1,64707008,901.20 грн,644.40 грн,582.00 грн,552.00 грн,,от 50 шт.
,         2 Соковыжималки,,,,,,,,,,
,"            Соковитискач  алюм. ручний ""Мотор Сич""",6,6,1,60082000,200.04 грн,120.00 грн,109.80 грн,105.00 грн,,
,"            Соковитискач чавунний ручний""Мотор Сич"" СБЧ-1",9,9,1,85287000,205.02 грн,135.00 грн,125.40 грн,120.00 грн,,
,"            Соковитискач ""Sinbo""",,,,,,,,,,
,"                40 Вт, SJ-3132 (прес для цитрусових)",1,1,4,70007005,165.00 грн,111.00 грн,99.00 грн,93.00 грн,,
,"                700 Вт, SJ-3122",7,7,,70007004,450.00 грн,342.00 грн,310.02 грн,299.00 грн,,
,"                700 Вт, SJ-3130",4,4,4,70007001,450.00 грн,342.00 грн,310.02 грн,299.00 грн,,
,"            Електросоковитискач ""Журавинка"" СВСП-102 (с шинк., 120 Вт)",1,1,1,64251000,696.00 грн,525.00 грн,477.00 грн,453.00 грн,,
,"            Електросоковитискач ""Журавинка"" СВСП-102П (с шинк., 160 Вт)",1,,1,93806000,708.00 грн,531.00 грн,483.00 грн,459.00 грн,,
,"            Електросоковитискач ""Журавинка"" СВСП-301М (без шинк., 120 Вт)",6,6,1,64252000,696.00 грн,501.00 грн,456.00 грн,432.00 грн,,
,"            Електросоковитискач ""Журавинка"" СВСП-301П (без шинк., 160 Вт)",9,9,1,93807000,708.00 грн,507.00 грн,462.00 грн,438.00 грн,,
,            Електросоковитиск. Дачниця СВПР-201 (підвищеної продуктивності),1,1,1,70021000,"1,500.00 грн","1,122.00 грн",996.00 грн,948.00 грн,,
,            Електросоковитиск. садовий СВПП-301 (підвищеної продуктивності без шатківниці),1,1,1,70014000,882.00 грн,645.00 грн,570.00 грн,549.00 грн,,
,"            Електросоковитиск. садова СВШПП-302 (с шинк., Мінськ)",14,14,1,64831000,891.00 грн,654.00 грн,579.00 грн,558.00 грн,,
,         3 Электро-газо-плитки,,,,,,,,,,
,            ЛЕМИРА,,,,,,,,,,
,                Эл.-плит.  Леміра ,,,,,,,,,,
,                    ЭПТ 1-1.0/220 (ТЭН широкий),5,5,1,70027008,230.04 грн,138.00 грн,126.00 грн,120.00 грн,,от 50 шт. в ассорт.
,                    ЭПТ 2-2.0/220 (2 широкі ТЕНи),3,3,1,70027004,320.04 грн,234.00 грн,210.00 грн,204.00 грн,,от 50 шт. в ассорт.
,                    ЭПТ2-Т 1-1.0/220 (ТЭН),5,5,1,70027007,190.02 грн,114.00 грн,105.00 грн,102.00 грн,,от 50 шт. в ассорт.
,                    ЭПТ2-Т 2-2.0/220 (ТЭН),3,3,1,70027006,240.00 грн,177.00 грн,165.00 грн,160.00 грн,,от 50 шт. в ассорт.
,                    ЭПТ2Ч-Т 2-2.5/220 (блин+ТЭН),4,4,1,70027005,290.04 грн,216.00 грн,201.00 грн,194.00 грн,,от 50 шт. в ассорт.
,                    ЭПЧ-Т 1-1.5/220 (1 блин),4,4,1,70027001,230.04 грн,153.00 грн,142.02 грн,137.00 грн,,от 50 шт. в ассорт.
,                    ЭПЧ-Т 2-3.0/220 (2 блина),7,7,1,70027002,320.04 грн,264.00 грн,243.00 грн,235.00 грн,,от 50 шт. в ассорт.
,            ТЕРМИЯ,,,,,,,,,,
,                Електроплита Термія,,,,,,,,,,
,"                    ЕПЧ 1-1,5/220 (біла, млин)",5,5,1,64674003,222.00 грн,147.00 грн,138.00 грн,135.00 грн,,от 50 шт. в ассорт.
,"                    ЕПЧ 1,5/220 (нерж)",4,3,1,64674004,240.00 грн,174.00 грн,162.00 грн,159.00 грн,,от 50 шт. в ассорт.
,            ЭЛНА,,,,,,,,,,
,                Газова плитка ЭЛНА (Таганок),,,,,,,,,,
,                    ПГ-1-Н без кришки 1-конф.,5,5,1,64662003,190.02 грн,113.04 грн,100.02 грн,98.00 грн,,от 50 шт. в ассорт.
,                    ПГ-2-Н без кришки,5,4,1,64662002,280.02 грн,166.44 грн,155.04 грн,152.00 грн,,от 50 шт. в ассорт.
,                    ПГ-2-Н з кришкою,6,4,1,64662001,320.04 грн,195.00 грн,180.00 грн,176.00 грн,,от 50 шт. в ассорт.
,                Тен до електроплитці,,,,,,,,,,
,"                    1 КВт, до електроплитці типу ""Мечта""",9,9,50,64664003,60.00 грн,32.76 грн,31.02 грн,30.00 грн,,
,"                    1 КВт, нерж.",13,8,100,64664001,40.02 грн,17.58 грн,16.62 грн,16.00 грн,,
,"                    1 КВт, сталь",37,37,100,64664002,19.02 грн,8.64 грн,8.28 грн,8.00 грн,,
,                Електроплита  ЕЛНА Блин,,,,,,,,,,
,"                    001Н (1-конф, 1,5КВт)",10,10,1,64660001,230.04 грн,162.72 грн,150.00 грн,147.00 грн,,от 50 шт. в ассорт.
,"                    002Н (2-конф, 2,2КВт)",20,20,1,64660002,320.04 грн,269.52 грн,250.02 грн,245.00 грн,,от 50 шт. в ассорт.
,                Електроплита  ЕЛНА комбі,,,,,,,,,,
,"                    011Н (мечта+млин, 2,5КВт)",3,2,1,64661001,310.02 грн,238.50 грн,220.02 грн,215.50 грн,,от 50 шт. в ассорт.
,"                    101Н (Вузький тен+млин, 2,5КВт)",2,,1,64661002,290.04 грн,216.12 грн,200.04 грн,196.00 грн,,от 50 шт. в ассорт.
,                Електроплита ЕЛНА Цинк,,,,,,,,,,
,"                    100Н (1-конф., 1КВт )",56,56,1,64659002,190.02 грн,110.58 грн,99.00 грн,97.00 грн,,от 50 шт. в ассорт.
,"                    200Н (2-конф., 2КВт )",21,21,1,64659001,240.00 грн,177.66 грн,160.02 грн,157.00 грн,,от 50 шт. в ассорт.
,"                Електроплита ЕЛНА ""Мрія""",,,,,,,,,,
,"                    010Н (1-конф., 1КВт.)",19,18,1,64656001,230.04 грн,152.82 грн,138.00 грн,135.00 грн,,от 50 шт. в ассорт.
,"                    020Н (2-конф., 2КВт.)",14,13,1,64656002,320.04 грн,244.68 грн,225.00 грн,220.50 грн,,от 50 шт. в ассорт.
,         4 Электрические духовки,,,,,,,,,,
,"            Духовка ""Асель""",,,,,,,,,,
,                33л. з таймером FCATT-23 (AF-0023) білий,5,5,1,66055025,453.00 грн,342.00 грн,324.00 грн,315.00 грн,,от 5 шт. в ассорт.
,                33л. з таймером FCATT-23 (AF-0023) червоний,7,7,1,66055003,453.00 грн,342.00 грн,324.00 грн,315.00 грн,,от 5 шт. в ассорт.
,                33л. з таймером FCATT-23 (AF-0023) сірий,4,3,1,66055026,453.00 грн,342.00 грн,324.00 грн,315.00 грн,,от 5 шт. в ассорт.
,                33л. з таймером FCATT-23 (AF-0023) чорний,3,3,1,66055024,453.00 грн,342.00 грн,324.00 грн,315.00 грн,,от 5 шт. в ассорт.
,                40л + гриль AF 0124 білий,5,5,1,66055034,660.00 грн,546.00 грн,482.04 грн,469.00 грн,,от 5 шт. в ассорт.
,                40л з таймером AF 0123 червоний,1,,1,66055009,477.00 грн,453.00 грн,429.00 грн,420.00 грн,,от 5 шт. в ассорт.
,                40л з таймером AF 0123 сірий,4,4,1,66055053,477.00 грн,453.00 грн,429.00 грн,420.00 грн,,от 5 шт. в ассорт.
,                40л з таймером AF 0123 чорний,6,6,1,66055051,477.00 грн,453.00 грн,429.00 грн,420.00 грн,,от 5 шт. в ассорт.
,         5 Электросушители,,,,,,,,,,
,"            Сушарка електрична ""БелОМО"" ( 5 решіток)",23,23,1,70635000,705.00 грн,585.00 грн,558.00 грн,540.00 грн,,
,"            Сушарка електрична ""Ротор"" с 5-ю реш",1,,1,65328000,720.00 грн,558.00 грн,539.04 грн,519.00 грн,,
,"            Електросушарка ЕСОФ-0, 6/220 ""Ветерок-2"" (6 решіток, підвищеної продуктивності)",49,48,1,90934000,825.00 грн,648.00 грн,621.00 грн,599.00 грн,,
,"         6 Электроконвектора, радиаторы",,,,,,,,,,
,"            ИК обогреватели ""Calore""",,,,,,,,,,
,"                ИК обогреватель ""Calore"" IH-14, 1400 Вт, с телескоп. ножкой",31,31,1,85819000,463.14 грн,339.42 грн,327.24 грн,315.88 грн,,
,"                ИК обогреватель ""Calore"" IH-20, 2000 Вт, с телескоп. ножкой",54,54,1,85821000,503.40 грн,368.94 грн,355.68 грн,343.34 грн,,
,"                ИК обогреватель ""Calore"" IH-25, 2500 Вт, с телескоп. ножкой",28,28,1,85822000,523.56 грн,383.70 грн,369.96 грн,357.08 грн,,
,"            Масляные радиаторы ""Calore""",,,,,,,,,,
,"                Масляний радіатор ""Calore""",,,,,,,,,,
,                    HR-11F 2500Вт,26,26,1,65501003,609.06 грн,446.40 грн,430.32 грн,415.39 грн,,
,                    HR-7F 1500Вт,23,23,1,65501001,436.14 грн,319.68 грн,308.16 грн,297.47 грн,,
,                    HR-9F 2000Вт,23,23,1,65501002,504.66 грн,369.90 грн,356.58 грн,344.21 грн,,
,"            Масляные радиаторы ""Sinbo""",,,,,,,,,,
,"                Масляний радiатор ""Sinbo"" SFH-3322 9 секц",10,10,1,70712000,396.00 грн,294.00 грн,279.00 грн,264.00 грн,,
,"            Тепловентилятор ""Calore""",,,,,,,,,,
,"                Тепловентилятор ""Calore"" FH-VR2, 1000/2000 Вт",247,205,6,65550000,104.64 грн,76.68 грн,73.98 грн,71.36 грн,,
,"                Керамічний тепловентилятор Calore"" FHС-15N, 1500 Вт",47,29,6,85958000,196.92 грн,144.30 грн,139.14 грн,134.29 грн,,
,"                Керамічний тепловентилятор ""Calore"" FHС-15S, 1500 Вт",2,,6,85957000,180.96 грн,132.66 грн,127.86 грн,123.41 грн,,
,"                Керамічний тепловентилятор ""Calore"" FHС-2HR, баштовий, 2000 Вт",15,15,2,85959000,634.14 грн,464.76 грн,448.08 грн,432.52 грн,,
,"            Электроконвектор ""Calore"" ",,,,,,,,,,
,"                Електроконвектор ""Calore""  ЕТ",,,,,,,,,,
,                    1000ED 1000 Вт,9,9,1,65498002,517.56 грн,379.32 грн,365.70 грн,353.00 грн,,
,                    1000EDI 1000Вт,4,4,1,65498007,656.16 грн,480.90 грн,463.62 грн,447.53 грн,,
,                    1500ED 1500 Вт,7,7,1,65498003,563.34 грн,412.92 грн,398.10 грн,384.25 грн,,
,                    1500EDI 1500Вт,3,3,1,65498008,701.88 грн,514.44 грн,495.96 грн,478.72 грн,,
,                    2000EDI 2000Вт,4,4,1,65498009,839.64 грн,615.36 грн,593.28 грн,572.68 грн,,
,                    2500EDI 2500Вт,9,9,1,65498010,956.04 грн,700.68 грн,675.54 грн,652.07 грн,,
,                    500ED 500 Вт,4,4,1,65498001,481.62 грн,352.98 грн,340.32 грн,328.49 грн,,
,                    500EDI 500Вт,5,5,1,65498006,611.94 грн,448.50 грн,432.36 грн,417.37 грн,,
,"                Електроконвектор ""Calore""  МТ",,,,,,,,,,
,                    1000SR 1000 Вт,28,23,1,65497002,469.38 грн,344.04 грн,331.68 грн,320.15 грн,,
,                    1500SR 1500Вт,84,74,1,65497003,513.24 грн,376.20 грн,362.70 грн,350.08 грн,,
,                    2000SR 2000 Вт,78,78,1,65497004,585.12 грн,428.88 грн,413.46 грн,399.10 грн,,
,                    2500SR 2500Вт,16,16,1,65497005,711.48 грн,521.46 грн,502.74 грн,485.28 грн,,
,                    500SR 500 Вт,15,15,1,65497001,413.88 грн,303.36 грн,292.44 грн,282.30 грн,,
,"            Электроконвектор ""Термия"", ""Convector""",,,,,,,,,,
,"                Електроконвектор ""Термія"" ЕВНА (настінний)",,,,,,,,,,
,"                    1,0 КВт, С(450 мм), мш(1вим, штамп.решітка)",14,14,1,64654020,345.00 грн,311.70 грн,275.10 грн,264.54 грн,,
,"                    1,5 КВт, С(450 мм), сш(2 вим.,штамп.решітка)",24,20,1,64654014,355.50 грн,323.40 грн,285.42 грн,274.44 грн,,
,"                    2,0 КВт, С(450 мм), сш(2 вим, штамп.решітка)",30,30,1,64654009,384.00 грн,348.18 грн,307.26 грн,295.44 грн,,
,"                    2,5 КВт, С(450 мм), сш(2 вим, штамп.решітка)",12,12,1,64654017,411.00 грн,371.28 грн,327.66 грн,315.06 грн,,
,         7 Сепараторы,,,,,,,,,,
,            Сепаратор МоторСіч СЦМ-100 гр18 (метал),2,2,,70566000,"1,335.00 грн","1,098.00 грн","1,014.00 грн",999.00 грн,,
,            Сепаратор МоторСіч СЦМ-100 гр19 (пропілен),6,6,,94587000,939.00 грн,704.40 грн,648.00 грн,625.20 грн,,
,            Сепаратор-слівкоотделітель ПЕНЗА РЗ-ОПС (механічний),2,2,1,64758000,489.00 грн,408.00 грн,369.00 грн,351.00 грн,,
,"            Електросепаратор ""Салют"" 50л",3,3,1,85577000,849.00 грн,753.00 грн,669.00 грн,639.00 грн,,
,            Електросепаратор ПЕНЗА ЭСБ02,8,8,1,64742000,753.00 грн,546.00 грн,492.00 грн,468.00 грн,,
,        11 Вентиляторы ,,,,,,,,,,
,            Вентилятор напольний ArtLife (4шт/уп),,,,,,,,,,
,"                30см, 45W, сірий",0.75,0.75,4,70177001,550.02 грн,339.00 грн,299.04 грн,276.00 грн,,
,        17 Электрошашлычница,,,,,,,,,,
,"            Електрошашличниця ЕШВ ""Пікнік""",2,2,,70634000,891.00 грн,615.00 грн,573.00 грн,540.00 грн,,
,    34.Товары для дома и сада Q,,,,,,,,,,
,"        1 Гладильные доски, чехлы",,,,,,,,,,
,            Дошка для прасування,,,,,,,,,,
,"                110х30 Basic, цельномет, з підставкою для праски і розеткою, вис. 94см, д20мм(труба) арт.20450F6-M",5,5,1,65887004,306.00 грн,226.50 грн,210.00 грн,205.00 грн,,
,"                110х30 Дерев. стіл, з підставкою для праски, висота 84см арт.16030ZR",15,15,1,65887008,132.00 грн,85.50 грн,69.90 грн,66.90 грн,,
,"                110х30 Стандарт, дерев. стіл, з підставкою для праски, висота 84см арт.16030Е",13,13,1,65887002,195.00 грн,105.00 грн,96.00 грн,94.00 грн,,
,"                110х30 Цельномет, з підставкою для праски, вис. 94см, д20мм(труба) арт.20250F6-M",13,13,1,65887010,225.00 грн,186.00 грн,165.00 грн,160.00 грн,,
,"                120*38 металл. основа,з подрукавніком і розеткою арт.22838P-M",10,9,1,65887001,480.00 грн,333.00 грн,306.00 грн,300.00 грн,,
,        2 Сушилки,,,,,,,,,,
,            Сушарка для білизни,,,,,,,,,,
,"                Stabilo 18м, БЕЗ ШАРНИРА з доп. відділеннями, висота 101см, диам 3мм (труба) арт.0503АМ",39,39,6,65890003,180.00 грн,89.40 грн,82.26 грн,81.00 грн,,
,"                Stabilo 18м, з доп. відділеннями, висота 101см, диам 3мм (труба) арт.0503SE (BC0018)",24,24,6,65890002,204.00 грн,102.00 грн,94.50 грн,92.40 грн,,
,,,,,,,,,,,
,,,,,,,,,,,
,,,,,,,,,,,
,,,,,,,,,,,
,,,,,,,,,,,
,,,,,,,,,,,
,,,,,,,,,,,
,,,,,,,,,,,
,,,,,,,,,,,
,,,,,,,,,,,
,,,,,,,,,,,
,,,,,,,,,,,
,,,,,,,,,,,
,,,,,,,,,,,
,,,,,,,,,,,
,,,,,,,,,,,
,,,,,,,,,,,
,,,,,,,,,,,
,,,,,,,,,,,
,,,,,,,,,,,
,,,,,,,,,,,
,,,,,,,,,,,
,,,,,,,,,,,
,,,,,,,,,,,
,,,,,,,,,,,
,,,,,,,,,,,
,,,,,,,,,,,
,,,,,,,,,,,
,,,,,,,,,,,
,,,,,,,,,,,
,,,,,,,,,,,
,,,,,,,,,,,
,,,,,,,,,,,
,,,,,,,,,,,
,,,,,,,,,,,
,,,,,,,,,,,
,,,,,,,,,,,
,,,,,,,,,,,
,,,,,,,,,,,
,,,,,,,,,,,
,,,,,,,,,,,
,,,,,,,,,,,
,,,,,,,,,,,
,,,,,,,,,,,
,,,,,,,,,,,
,,,,,,,,,,,
,,,,,,,,,,,
,,,,,,,,,,,
,,,,,,,,,,,
,,,,,,,,,,,
,,,,,,,,,,,
,,,,,,,,,,,
,,,,,,,,,,,
,,,,,,,,,,,
,,,,,,,,,,,
,,,,,,,,,,,
,,,,,,,,,,,
,,,,,,,,,,,
,,,,,,,,,,,
,,,,,,,,,,,
,,,,,,,,,,,
,,,,,,,,,,,
,,,,,,,,,,,
,,,,,,,,,,,
,,,,,,,,,,,
,,,,,,,,,,,
,,,,,,,,,,,
,,,,,,,,,,,
,,,,,,,,,,,
,,,,,,,,,,,
,,,,,,,,,,,
,,,,,,,,,,,
,,,,,,,,,,,
,,,,,,,,,,,
,,,,,,,,,,,
,,,,,,,,,,,
,,,,,,,,,,,
,,,,,,,,,,,
,,,,,,,,,,,
,,,,,,,,,,,
,,,,,,,,,,,
,,,,,,,,,,,
,,,,,,,,,,,
,,,,,,,,,,,
,,,,,,,,,,,
,,,,,,,,,,,
,,,,,,,,,,,
,,,,,,,,,,,
,Прайс-лист,,,,,,,,,,
,,,,,,,,,,,
,"ФЛП Бордун Светлана Николаевна , тел.: (0342) 55-20-55",,,,,,,,,,
,,,,,,,,,,,
,В валюте: грн (курс 1).,,,,,,,,,,
,Группа:ЭИ,,,,,,,,,,
,Данные на 11.10.2013,,,,,,,,,,
,,,,,,,,,,,
,Наименование,Остаток,Свободный остаток,Кол-во в уп.,Сводный код," Розн. До 1,5 тыс.","От 1,5 тыс. до 3 тыс.",От 3 тыс. до 20 тыс.,Свыше 20  тыс.,Спецпредложение,
,,,,,,,,,,Цена,Условие
,ЭИ,,,,,,,,,,
,    21. SOMA бытовой электроинструмент Q,,,,,,,,,,
,"        Заточний верстат 200Вт, 150/200мм SM6402",2,2,1,00662000,430.02 грн,327.60 грн,313.08 грн,300.51 грн,,
,    22. Makita  электроинструмент Q,,,,,,,,,,
,        !MAKITA,,,,,,,,,,
,"            Makita Акумуляторний шурупокрут  6261 DWLE, 9,6 В, 2 А-ч, 400 об/хв с підсвічуванням  роб. зони 2-акум",3,3,1,11918000,"1,119.00 грн","1,007.10 грн","1,007.10 грн",895.20 грн,,
,"            Makita Акумуляторний шурупокрут  6271 DWAE, 12В, 2А/год  350 об/хв",1,1,1,64271000,"1,419.00 грн","1,277.10 грн","1,277.10 грн","1,135.20 грн",,
,"            Makita Дискова пила 5704 R, 1200Вт, 4900 об/хв, 66мм/46мм/ диск 190мм посадковий отвір 30мм",3,3,1,60846000,"1,499.04 грн","1,349.10 грн","1,349.10 грн","1,199.20 грн",,
,"            Makita Ударний дриль HP1640, 680Вт, 2800об/мин  патрон 1,5-13мм",2,2,1,65998000,869.04 грн,782.16 грн,782.16 грн,695.23 грн,,
,"            Makita Стрічкова шліфмашина 9903  1010Вт, 210-440м/хв, 533*76мм",1,1,1,85666000,"3,199.02 грн","2,879.16 грн","2,879.16 грн","2,559.22 грн",,
,"            Makita Стрічкова шліфмашина 9910, 650Вт, 270м/хв, 457мм х 76мм",4,4,1,61224000,"1,399.02 грн","1,259.16 грн","1,259.16 грн","1,119.22 грн",,
,"            Makita Перфоратор HR 2470, 780Вт, 2.7Дж, 0-11000 об/хв, 3 режима",3,2,1,63848000,"1,629.00 грн","1,466.10 грн","1,466.10 грн","1,303.20 грн",,
,            Makita Термоповітродувка HG5012К 1600Вт  t350-500*C,1,1,1,00044000,599.04 грн,539.10 грн,539.10 грн,479.20 грн,,
,"            Makita Кутова шліфувальна машина GA 9020 SF 230мм, 2200Вт, 6600 об/хв повільний рух",5,5,1,61626000,"1,419.00 грн","1,277.10 грн","1,277.10 грн","1,135.20 грн",,
,"            Makita Кутова шліфмашина GA 9020, 230мм, 2200В, 6600 об/хв",4,3,1,61222000,"1,299.00 грн","1,169.10 грн","1,169.10 грн","1,039.20 грн",,
,"            Makita Ланцюгова пила UC 4020 A, 1800Вт, 400мм",2,2,1,61053000,"1,389.00 грн","1,250.10 грн","1,250.10 грн","1,111.20 грн",,
,"            Makita Ланцюгова пила  UC 4030 A,  2000Вт, 400мм,",1,1,1,63547000,"2,189.04 грн","1,970.16 грн","1,970.16 грн","1,751.23 грн",,
,"            Makita Ексцентрикова шліфмашина BO 5031, 300Вт, 12000 об/хв, d шліф диска 123 мм",3,3,1,85218000,"1,139.04 грн","1,025.16 грн","1,025.16 грн",911.23 грн,,
,"            Makita Кутошліфувальна машина GA 9050, 230 мм",2,2,1,62215000,"1,099.02 грн",989.16 грн,989.16 грн,879.22 грн,,
,    23. Сварочные аппараты Q,,,,,,,,,,
,"        1 Сварочные аппараты ""Бригадир""",,,,,,,,,,
,"            Зварювальний апарат ""БРИГАДИР"" Professional  BX1-200C",1,1,1,86204000,739.02 грн,619.02 грн,594.00 грн,570.00 грн,,
,"            Зварювальний апарат ""БРИГАДИР"" Professional  BX1-250C",2,2,1,86205000,850.02 грн,755.04 грн,725.04 грн,696.00 грн,,
,"            Зварювальний апарат ""БРИГАДИР"" Professional  ММА-250C",1,1,1,86209000,"1,695.00 грн","1,400.04 грн","1,344.00 грн","1,290.00 грн",,
,"        3 Сварочные аппараты ""Puls""",,,,,,,,,,
,"            Зварювальний інвертор ""PULS"" MMA-200D mini, дисплей",2,2,1,91086000,"1,010.04 грн",854.04 грн,820.02 грн,787.00 грн,726.00 грн,При закупке за месяц на сумму более 20тыс грн доп скидка 2%
,"            Зварювальний інвертор ""PULS"" MMA-200DB mini, дисплей, в кейсі",1,1,1,91087000,"1,080.00 грн",918.00 грн,880.02 грн,845.00 грн,780.00 грн,При закупке за месяц на сумму более 20тыс грн доп скидка 2%
,"            Зварювальний інвертор ""PULS"" MMA-250D mini, дисплей",2,2,1,91089000,"1,195.02 грн","1,035.00 грн",995.04 грн,955.00 грн,881.00 грн,При закупке за месяц на сумму более 20тыс грн доп скидка 2%
,"            Зварювальний інвертор ""PULS"" MMA-250DB mini, дисплей, в кейсі",2,2,1,91090000,"1,270.02 грн","1,100.04 грн","1,057.02 грн","1,015.00 грн",937.00 грн,При закупке за месяц на сумму более 20тыс грн доп скидка 2%
,"            Зварювальний інвертор ""PULS"" ММА-200 mini",1,1,1,86507000,980.04 грн,855.00 грн,820.02 грн,786.00 грн,724.00 грн,При закупке за месяц на сумму более 20тыс грн доп скидка 2%
,"            Зварювальний інвертор ""PULS"" ММА-200B mini в кейсі",2,2,1,86509000,"1,045.02 грн",892.02 грн,856.02 грн,822.00 грн,759.00 грн,При закупке за месяц на сумму более 20тыс грн доп скидка 2%
,"        4 Сварочные аппараты ""Дніпро-М""",,,,,,,,,,
,"            Зварювальний інвертор ""Дніпро-М"" mini ММА",,,,,,,,,,
,200,34,34,,70127001,"1,020.00 грн",810.00 грн,768.00 грн,749.00 грн,734.00 грн,при закупке за 3 месяца 6 СКЮ
,                200 B(кейс),7,7,,70127002,"1,100.04 грн",870.00 грн,822.00 грн,800.00 грн,784.00 грн,при закупке за 3 месяца 6 СКЮ
,                200 D(дисплей),6,6,,70127003,"1,050.00 грн",834.00 грн,792.00 грн,773.00 грн,758.00 грн,при закупке за 3 месяца 6 СКЮ
,"                200 DВ(дисплей, кейс)",9,9,,70127004,"1,120.02 грн",888.00 грн,846.00 грн,826.00 грн,809.00 грн,при закупке за 3 месяца 6 СКЮ
,"                200 DВP(пласт.панель, дисп., кейс)",10,10,1,70127005,"1,120.02 грн",888.00 грн,846.00 грн,826.00 грн,809.00 грн,при закупке за 3 месяца 6 СКЮ
,250,13,13,,70127006,"1,230.00 грн",972.00 грн,918.00 грн,895.00 грн,877.00 грн,при закупке за 3 месяца 6 СКЮ
,                250 B(кейс),63,60,1,70127007,"1,260.00 грн","1,002.00 грн",948.00 грн,925.00 грн,907.00 грн,при закупке за 3 месяца 6 СКЮ
,                250 D(дисплей),9,9,,70127008,"1,250.04 грн",996.00 грн,942.00 грн,922.00 грн,904.00 грн,при закупке за 3 месяца 6 СКЮ
,"                250 DPFC(дисп., пласт.панель, кейс, модель F)",2,2,,70127015,"1,380.00 грн","1,116.00 грн","1,060.02 грн","1,040.00 грн","1,020.00 грн",от 10 шт. в ассортименте
,"                250 DPL(дисп., пласт.панель, модель L)",5,5,,70127016,"1,302.00 грн","1,035.00 грн",985.02 грн,965.00 грн,945.00 грн,от 10 шт. в ассортименте
,"                250 DВ(дисплей, кейс)",10,10,,70127009,"1,330.02 грн","1,056.00 грн","1,002.00 грн",980.00 грн,960.00 грн,при закупке за 3 месяца 6 СКЮ
,"                250 DВP(пласт.панель, дисп., кейс)",11,11,,70127010,"1,330.02 грн","1,056.00 грн","1,002.00 грн",980.00 грн,960.00 грн,при закупке за 3 месяца 6 СКЮ
,                250 MC(метал. кейс),3,3,1,70127014,"1,266.00 грн","1,038.00 грн",990.00 грн,970.00 грн,950.00 грн,от 10 шт. в ассортименте
,"                250С DPB(пласт.панель, дисп.,метал.кейс)",18,16,,70127012,"1,400.04 грн","1,182.00 грн","1,116.00 грн","1,090.00 грн","1,068.00 грн",при закупке за 3 месяца 6 СКЮ
,"            Зварювальний інвертор ""Дніпро-М"" ММА (MOS)",,,,,,,,,,
,200,5,5,,70195002,"1,400.04 грн","1,074.00 грн","1,008.00 грн",985.00 грн,965.00 грн,при закупке за 3 месяца 6 СКЮ
,250,7,7,,70195003,"1,450.02 грн","1,128.00 грн","1,050.00 грн","1,029.00 грн","1,008.00 грн",при закупке за 3 месяца 6 СКЮ
,"                250 DВ(дисплей, кейс)",3,3,,70195001,"1,550.04 грн","1,194.00 грн","1,122.00 грн","1,100.00 грн","1,078.00 грн",при закупке за 3 месяца 6 СКЮ
,"        8 Зарядные устройства ""Puls""",,,,,,,,,,
,"            Зарядний пристрій CB-10 ""PULS""",1,1,1,86722000,295.02 грн,262.26 грн,251.76 грн,241.68 грн,,
,"            Зарядний пристрій CB-18 ""PULS""",1,1,1,86724000,390.00 грн,343.92 грн,330.18 грн,316.93 грн,,
,"            Зарядний пристрій CB-30 ""PULS""",1,1,1,86726000,545.04 грн,482.10 грн,462.84 грн,444.28 грн,,
,"            Зарядний пристрій MAX-50 ""PULS""",2,2,1,86732000,695.04 грн,615.54 грн,590.94 грн,567.29 грн,,
,        Маски сварщика,,,,,,,,,,
,"            Маска зварювальника ""Хамелеон"" W-411 (WH-4000)",8,8,1,88985000,270.00 грн,237.00 грн,227.52 грн,218.40 грн,,
,            Маска Зварювальника Герой 300F,4,4,1,92877000,235.02 грн,204.96 грн,196.80 грн,188.89 грн,,
,            Маска зварювальника ДНІПРО-М,,,,,,,,,,
,                WH-350LS,2,,1,70512003,185.04 грн,162.06 грн,155.58 грн,149.31 грн,,
,                WH-400LD,11,11,1,70512004,225.00 грн,199.92 грн,191.94 грн,184.23 грн,,
,                WH-400LS,15,15,1,70512002,220.02 грн,196.02 грн,188.16 грн,180.62 грн,,
,            Маска Зварювальника Едон хамелеон № 4,4,4,1,90601000,240.00 грн,211.38 грн,202.92 грн,194.79 грн,,
,    24. Бензо- и электропилы Q,,,,,,,,,,
,        1 БРИГАДИР бензопилы ,,,,,,,,,,
,"            Бензопила ""Бригадир Standart"", 45 см, 2,4 кВт (2 шини, 2 ланцюга)",18,18,,90985000,680.04 грн,615.96 грн,591.30 грн,567.63 грн,499.00 грн,При разовой закупке от 50штук в ассортименте
,"            Бензопила ""Бригадир Standart"", 50 см, 2,8 кВт (2 шини, 2 ланцюга)",37,37,,90986000,715.02 грн,645.90 грн,620.04 грн,595.24 грн,523.00 грн,При разовой закупке от 50штук в ассортименте
,"            Бензопила БРИГАДИР Professional , 45 см, 2,2 кВт",4,3,1,84975000,970.02 грн,877.50 грн,842.40 грн,808.67 грн,,
,"            Бензопила БРИГАДИР Professional , 50 см, 2,7 кВт",4,4,1,84976000,"1,040.04 грн",942.60 грн,904.92 грн,868.68 грн,,
,"            Бензопила Бригадир Professional, 45 см, 2,4 кВт ",5,5,1,85978000,897.96 грн,812.16 грн,779.58 грн,748.37 грн,,
,"            Бензопила Бригадир Professional, 50 см, 2,8 кВт ",9,9,1,86340000,905.88 грн,819.30 грн,786.42 грн,754.95 грн,,
,        2 БРИГАДИР электропилы,,,,,,,,,,
,"            Ланцюгова Електропила БРИГАДИР Professional, 2,8 кВт",11,11,1,85969000,805.02 грн,713.88 грн,685.32 грн,657.90 грн,,
,"            Ланцюгова Електропила БРИГАДИР, 2,4 кВт",27,27,1,65038000,670.02 грн,604.92 грн,580.74 грн,557.49 грн,489.00 грн,При разовой закупке от 50штук в ассортименте
,"            Ланцюгова Електропила БРИГАДИР боковий двигунl, 2,4 кВт",21,21,1,85970000,599.04 грн,542.34 грн,520.68 грн,499.80 грн,439.00 грн,При разовой закупке от 50штук в ассортименте
,        3 FORESTA бензопилы,,,,,,,,,,
,"            Бензопила ""Foresta"" FA-45S, 45 см, 1,7 кВт",44,41,1,66057000,565.02 грн,509.70 грн,489.30 грн,469.72 грн,,
,"            Бензопила ""Foresta"" FA-58S, 50 см, 2,5 кВт",41,41,1,66058000,580.02 грн,524.16 грн,503.16 грн,483.02 грн,,
,        4 FORESTA электропилы,,,,,,,,,,
,"            Ланцюгова електропила ""Foresta"", боковий двигун, 2,3 кВт ",9,9,1,11757000,599.04 грн,499.02 грн,472.02 грн,463.00 грн,,
,        5 ДНІПРО-М бензопилы,,,,,,,,,,
,"            Бензопила ланцюгова Дніпро-М БП-4500-1, 2,2 кВт (1 шина 45см, 1 ланцюг)",5,5,1,70578000,522.00 грн,414.00 грн,402.00 грн,396.00 грн,,
,"            Бензопила ланцюгова Дніпро-М БП4500-2, 2,2 кВт (2 шини 40см+45см, 2 ланцюга)",5,5,1,70577000,555.00 грн,444.00 грн,435.00 грн,426.00 грн,,
,"            Бензопила ланцюгова Дніпро-М БП-5200-1, 2,8 кВт (1 шина 50см, 1 ланцюг)",10,10,1,70579000,540.00 грн,432.00 грн,423.00 грн,415.00 грн,,
,"            Бензопила ланцюгова Дніпро-М, 45СС, 2,2 кВт (2 шини, 2 ланцюга)",19,15,1,70056000,555.00 грн,444.00 грн,435.00 грн,426.00 грн,,
,"            Бензопила ланцюгова Дніпро-М, 52СС, 2,8 кВт (2 шини, 2 ланцюга)",9,9,1,70057000,565.02 грн,468.00 грн,459.00 грн,450.00 грн,,
,        7 HAUSGARTEN бензопилы,,,,,,,,,,
,"            Бензопила ланцюгова HAUSGARTEN HG-CS61, 51см, 3,0 кВт ",33,32,1,70287000,820.02 грн,655.20 грн,642.12 грн,629.22 грн,563.00 грн,
,"            Бензопила ланцюгова HAUSGARTEN HG-CS61/2, 45см+51см, 3,0 кВт , окуляри, перчатки",65,65,1,70288000,950.04 грн,762.30 грн,747.06 грн,732.08 грн,655.00 грн,
,    25. Бензогенераторы Q,,,,,,,,,,
,        1 Генераторы БРИГАДИР,,,,,,,,,,
,"            Бензогенератор ""Бригадир Standart"" БГ-1100, 1,1 кВт, р.с.",1,1,1,85105000,"1,480.02 грн","1,285.80 грн","1,234.38 грн","1,184.96 грн",,
,"            Бензогенератор ""Бригадир Standart"" БГ-2000, 2.0 кВт, р.с.",3,3,1,64995000,"1,950.00 грн","1,690.26 грн","1,622.64 грн","1,557.74 грн","1,425.00 грн",
,"            Бензогенератор ""Бригадир Standart"" БГ-2000ES, 2.0 кВт, ел.с.",1,1,1,64996000,"2,220.00 грн","1,924.38 грн","1,847.40 грн","1,773.48 грн",,
,"            Бензогенератор ""Бригадир Standart"" БГ-2500,  2.5 кВт, р.с.",8,7,1,64997000,"2,060.04 грн","1,785.06 грн","1,713.66 грн","1,645.09 грн",,
,"            Бензогенератор ""Бригадир Standart"" БГ-2500ES, 2.5 кВт ел.с.",5,5,1,64998000,"2,400.00 грн","2,086.80 грн","2,003.28 грн","1,923.14 грн",,
,"            Бензогенератор ""Бригадир Standart"" БГ-3000 3.0 кВт, р.с.",2,2,1,66000000,"3,320.04 грн","2,883.84 грн","2,768.46 грн","2,657.71 грн",,
,"            Бензогенератор ""Бригадир Standart"" БГ-3000ES 3.0 кВт,ел.с.",2,2,1,66001000,"3,590.04 грн","3,114.42 грн","2,989.86 грн","2,870.23 грн",,
,"            Бензогенератор ""Бригадир Standart"" БГ-503H, 3-фазный, 5.0 кВт, р.с.",1,1,1,91825000,"5,100.00 грн","4,429.68 грн","4,252.50 грн","4,082.36 грн",,
,"            Бензогенератор ""Бригадир Standart"" БГ-503Е, 3-фазный, 5.0 кВт, ел.с.",1,1,1,92968000,"5,720.04 грн","4,962.60 грн","4,764.12 грн","4,573.51 грн",,
,"            Бензогенератор ""Бригадир Standart"" БГ-6000, 6,0 кВт, р.с.",1,1,1,85106000,"4,630.02 грн","4,016.94 грн","3,856.26 грн","3,701.96 грн",,
,"            Бензогенератор ""Бригадир Standart"" БГ-6000ES, 6,0 кВт, ел.с.",1,1,1,85107000,"5,270.04 грн","4,572.54 грн","4,389.60 грн","4,214.00 грн",,
,"            Бензогенератор ""Бригадир Standart"" БГ-950, 0.75 кВт, р.с.",2,2,1,64994000,880.02 грн,764.46 грн,733.86 грн,704.48 грн,,
,        2 Генераторы BRIGADIER Professional,,,,,,,,,,
,"            Бензогенератор ""Brigadier Professional"" BGP-09Н, 0.9 кВт, р.с.",1,1,1,86415000,"1,700.04 грн","1,471.32 грн","1,412.46 грн","1,355.93 грн",,
,"            Бензогенератор ""Brigadier Professional"" BGP-20Е, 2.0 кВт, эл.с.",2,2,1,86417000,"2,700.00 грн","2,348.10 грн","2,254.14 грн","2,163.96 грн",,
,"            Бензогенератор ""Brigadier Professional"" BGP-20Н, 2.0 кВт, р.с.",2,2,1,86416000,"2,330.04 грн","2,016.00 грн","1,935.36 грн","1,857.91 грн",,
,"            Бензогенератор ""Brigadier Professional"" BGP-25Е, 2.5 кВт, эл.с.",2,2,1,86419000,"3,070.02 грн","2,663.28 грн","2,556.72 грн","2,454.44 грн",,
,"            Бензогенератор ""Brigadier Professional"" BGP-25Н, 2.5 кВт, р.с.",3,3,1,86418000,"2,650.02 грн","2,294.52 грн","2,202.78 грн","2,114.63 грн",,
,"            Бензогенератор ""Brigadier Professional"" BGP-30Е, 3.0 кВт, эл.с.",1,1,1,86421000,"4,200.00 грн","3,670.02 грн","3,520.02 грн","3,380.00 грн",,
,"            Бензогенератор ""Brigadier Professional"" BGP-30Н, 3.0 кВт, р.с.",1,1,1,86420000,"3,680.04 грн","3,194.10 грн","3,066.36 грн","2,943.68 грн",,
,"            Бензогенератор ""Brigadier Professional"" BGP-503Е,  3-фазний, 5.0 кВт, эл.с.",1,1,1,86425000,"5,850.00 грн","5,072.22 грн","4,869.30 грн","4,674.51 грн",,
,"            Бензогенератор ""Brigadier Professional"" BGP-503Н, 3-фазний, 5.0 кВт, р.с.",1,1,1,86424000,"5,620.02 грн","4,878.12 грн","4,683.00 грн","4,495.64 грн",,
,"            Бензогенератор ""Brigadier Professional"" BGP-603Е,  3-фазний, 6.0 кВт, эл.с.",1,1,1,86427000,"6,400.02 грн","5,558.10 грн","5,335.80 грн","5,122.35 грн",,
,"            Бензогенератор ""Brigadier Professional"" BGP-603Н, 3-фазний, 6.0 кВт, р.с.",1,1,1,86426000,"6,270.00 грн","5,442.06 грн","5,224.38 грн","5,015.40 грн",,
,"            Бензогенератор ""Brigadier Professional"" BGP-60Е, 6.0 кВт, эл.с.",1,1,1,86423000,"5,780.04 грн","5,016.00 грн","4,815.36 грн","4,622.74 грн",,
,"            Бензогенератор ""Brigadier Professional"" BGP-60Н, 6.0 кВт, р.с.",1,1,1,86422000,"5,480.04 грн","4,752.06 грн","4,561.98 грн","4,379.49 грн",,
,        3 Генераторы PULS,,,,,,,,,,
,"            Бензогенератор ""PULS"" РG-603E, 3-фазный, 6.0 кВт, ел.с.",1,1,1,86268000,"5,594.28 грн","4,856.16 грн","4,661.94 грн","4,475.43 грн",,
,    26. Мотопомпы и компрессора Q,,,,,,,,,,
,         1. БРИГАДИР мотопомпы,,,,,,,,,,
,"            Бензинова мотопомпа Brigadier Professional WP-3TG, 7.0 к.с., 80 мм, для брудної води ",2,2,1,93172000,"2,220.00 грн","2,006.34 грн","1,926.06 грн","1,849.00 грн",,
,"            Бензинова мотопомпа МП-2Б, 50 мм БРИГАДИР",2,2,1,84903000,"1,090.02 грн",986.34 грн,946.86 грн,908.98 грн,,
,"            Бензинова мотопомпа МП-3Б, 80 мм БРИГАДИР",1,1,1,84904000,"1,190.04 грн","1,072.50 грн","1,029.60 грн",988.40 грн,,
,         3. ДНІПРО-М Компрессора,,,,,,,,,,
,"            Компресор повітряний 2-поршневий ВК100-2Р Дніпро-М, ремінний",1,,,70595000,"2,700.00 грн","2,544.00 грн","2,418.00 грн","2,346.00 грн","2,290.00 грн",от 5 шт.
,"            Компресор повітряний 2-поршневий ВК50-2Р Дніпро-М, ремінний",2,1,,70594000,"2,310.00 грн","2,172.00 грн","2,070.00 грн","2,010.00 грн","1,950.00 грн",от 5 шт.
,            Компресор повітряний поршневий ПВК24-1 Дніпро-М,3,3,,70212000,930.00 грн,804.00 грн,756.00 грн,730.00 грн,685.00 грн,от 10 шт в ассортименте
,            Компресор повітряний поршневой ПВК24-2 Дніпро-М,5,5,,70222000,822.00 грн,708.00 грн,681.00 грн,645.00 грн,595.00 грн,от 10 шт в ассортименте
,            Компресор повітряний поршневий ПВК50-1 Дніпро-М,5,5,,70213000,"1,098.00 грн",942.00 грн,903.00 грн,855.00 грн,800.00 грн,от 10 шт в ассортименте
,            Набор пневмоинструмента (5шт) НПІ-5П Дніпро-М,8,8,,70596000,216.00 грн,186.00 грн,174.00 грн,165.00 грн,160.00 грн,от 5 шт.
,         5. Компрессора другие,,,,,,,,,,
,"            Набор лакофарбний (до компресора) ""Eurotec"" АТ-113 (5 шт)",1,1,,70537000,230.04 грн,198.60 грн,190.62 грн,182.98 грн,,
,"        10. Компрессора ""Бригадир""",,,,,,,,,,
,"            Компресор масляний Brigadier Professional, AC-24P (+ набор)",2,1,1,85474000,"1,199.28 грн","1,019.70 грн",999.18 грн,959.42 грн,,
,"            Компресор масляний Brigadier Professional, AC-50P (+ набор)",5,5,1,85477000,"1,424.82 грн","1,211.58 грн","1,187.34 грн","1,139.84 грн",,
,    27. Бетономешалки Q,,,,,,,,,,
,        1 Бетономешалки БРИГАДИР,,,,,,,,,,
,"            Бетономішалка БРИГАДИР 125 л, ел.двиг. 550Вт",4,4,1,64038000,"1,999.02 грн","1,721.10 грн","1,686.66 грн","1,619.19 грн",,
,"            Бетономішалка БРИГАДИР 160л, ел.двиг. 750Вт",3,3,1,64040000,"2,380.02 грн","2,024.40 грн","1,983.96 грн","1,904.56 грн",,
,"            Бетономішалка БРИГАДИР 180л, ел.двиг. 750Вт",1,1,1,64039000,"2,400.00 грн","2,068.68 грн","2,027.28 грн","1,946.18 грн",,
,        1 Бетономешалки ДНІПРО-М,,,,,,,,,,
,"            Бетонозмішувач ДНІПРО-М 155л з чавунним вінцем, ел.двиг., 800Вт",1,1,1,70258000,"2,070.00 грн","1,806.00 грн","1,722.00 грн","1,690.00 грн","1,585.00 грн",от 10 шт в ассортименте
,"            Бетонозмішувач ДНІПРО-М 190л з чавунним вінцем, ел.двиг., 900Вт",2,2,1,70259000,"2,270.04 грн","1,986.00 грн","1,890.00 грн","1,850.00 грн","1,740.00 грн",от 10 шт в ассортименте
,"            Бетономешалка ДНІПРО-М SX-125л АКЦИЯ с чугунным венцом, ел.двиг. 550Вт",3,3,1,70714000,"1,699.02 грн","1,422.00 грн","1,356.00 грн","1,330.00 грн","1,250.00 грн",от 10 шт в ассортименте
,"            Бетонозмішувач ДНІПРО-М SX-65л, ел.двиг. 270Вт",1,1,1,70513000,"1,278.00 грн","1,074.00 грн","1,026.00 грн",996.00 грн,970.00 грн,от 5 шт. в ассортименте
,"        2 Бетономешалки VITALS, Кентавр",,,,,,,,,,
,            Бетономішалка Кентавр,,,,,,,,,,
,"                140л, редуктор",1,1,1,62593005,"2,491.50 грн","1,894.80 грн","1,856.94 грн","1,782.61 грн",,
,    28. Бензо- электротриммера,,,,,,,,,,
,"         3. ДНІПРО-М, Hausgarten бензотриммера ",,,,,,,,,,
,"            Бензиновый триммер ""Hausgarten"", BC-550 1,85 кВт(+окуляри, рукавиці, 2насадки-ліски, 2насадки 3Т)",3,3,1,70181000,"1,130.04 грн",922.20 грн,903.78 грн,867.61 грн,,
,         4.БРИГАДИР электротриммера,,,,,,,,,,
,"            Тример електричний  580 Вт, телескоп.ручка БРИГАДИР",1,1,2,85672000,433.50 грн,354.42 грн,347.34 грн,333.42 грн,,
,"         6.Газонокосилки FORESTA, ДНІПРО-М",,,,,,,,,,
,"            Газонокосарка  бензинова ""Foresta"" LM-4G, 4 л.с.",3,3,1,88772000,"2,029.62 грн","1,659.48 грн","1,626.30 грн","1,561.22 грн",,
,            Електрогазонокосилка  LМ-1200 Днiпро-М,1,1,1,70150000,716.34 грн,585.72 грн,574.02 грн,551.02 грн,,
,"            Електрогазонокосілка Foresta LM-1E, 1000 Вт",2,2,1,87119000,661.98 грн,541.26 грн,530.40 грн,509.18 грн,,
,    29. Электроинструмент др. Q,,,,,,,,,,
,         1. Станки,,,,,,,,,,
,            Верстат деревообр УБДН 6М,1,1,1,64771000,"2,700.00 грн","2,415.12 грн","2,366.82 грн","2,272.13 грн",,
,"            Верстат деревообробний ИЭ-6009 А4 2,4 кВт",8,7,1,62178000,"3,999.00 грн","3,575.34 грн","3,503.82 грн","3,363.65 грн",,
,"            Верстат деревообр. МДС 1-05 2,2 кВт (Техноприбор)",4,4,1,85384000,"3,199.02 грн","2,853.90 грн","2,796.84 грн","2,684.92 грн",,
,         4. Мотокультиваторы БРИГАДИР,,,,,,,,,,
,"            Мотокультиватор ""Бригадир"" МК-105РБ,  6,5 л.с., бенз., руч. старт, фреза 1050 мм, колеса 4.00-10",1,1,1,93121000,"5,524.86 грн","4,893.96 грн","4,795.92 грн","4,603.94 грн",,
,"         6. Стабилизаторы ""Puls""",,,,,,,,,,
,"            Стабiлiзатор ""Puls""",,,,,,,,,,
,"                DWM-5000, (100-260 В) релейний, настінний",2,2,,85804017,850.02 грн,755.16 грн,740.10 грн,710.45 грн,,от 10 шт. в ассортименте
,"                DWM-8000, (100-260 В) релейний, настінний",1,1,,85804018,"1,430.04 грн","1,268.10 грн","1,242.78 грн","1,193.03 грн",,от 10 шт. в ассортименте
,"                MINI-1000, релейний",3,3,4,85804016,204.06 грн,180.72 грн,177.12 грн,170.02 грн,,от 10 шт. в ассортименте
,"                MINI-500, релейний",5,5,4,85804015,174.84 грн,154.86 грн,151.80 грн,145.70 грн,,от 10 шт. в ассортименте
,"                RS-1000, релейний",8,8,4,85804002,248.16 грн,219.84 грн,215.40 грн,206.78 грн,,от 10 шт. в ассортименте
,"                RS-10000, релейний",2,2,1,85804007,"1,357.74 грн","1,202.64 грн","1,178.64 грн","1,131.44 грн",,от 10 шт. в ассортименте
,"                RS-2000, релейний",4,4,4,85804003,305.46 грн,270.54 грн,265.14 грн,254.52 грн,,от 10 шт. в ассортименте
,"                RS-3000, релейний",4,4,2,85804004,600.60 грн,531.96 грн,521.34 грн,500.46 грн,,от 10 шт. в ассортименте
,"                RS-500, релейний",9,9,4,85804001,187.50 грн,166.08 грн,162.78 грн,156.25 грн,,от 10 шт. в ассортименте
,"                RS-5000, релейний",1,1,2,85804005,715.56 грн,633.84 грн,621.18 грн,596.29 грн,,от 10 шт. в ассортименте
,"                RS-8000, релейний",3,3,1,85804006,"1,222.38 грн","1,082.76 грн","1,061.10 грн","1,018.65 грн",,от 10 шт. в ассортименте
,"                SM-3000, сервопривiд",2,2,2,85804011,940.74 грн,833.28 грн,816.60 грн,783.94 грн,,от 10 шт. в ассортименте
,"                WM-10000, релейний, настiнний",3,3,1,85804010,"1,544.40 грн","1,368.00 грн","1,340.64 грн","1,287.00 грн",,от 10 шт. в ассортименте
,"                WM-2000, релейний, настiнний",3,3,2,85804013,377.10 грн,334.02 грн,327.36 грн,314.25 грн,,от 10 шт. в ассортименте
,"                WM-3000, релейний, настiнний",3,3,2,85804014,670.50 грн,593.88 грн,582.00 грн,558.72 грн,,от 10 шт. в ассортименте
,"                WM-5000, релейний, настiнний",3,3,2,85804008,799.62 грн,708.30 грн,694.14 грн,666.35 грн,,от 10 шт. в ассортименте
,"                WM-8000, релейний, настiнний",2,2,1,85804009,"1,401.12 грн","1,241.10 грн","1,216.26 грн","1,167.58 грн",,от 10 шт. в ассортименте
,         7. Паяльники для труб БРИГАДИР,,,,,,,,,,
,"            Паяльник з насадками для труб ""Бригадир Standart"", 20-63 mm",10,10,1,91144000,218.76 грн,193.74 грн,189.90 грн,182.28 грн,,
,            Паяльник з насадками для труб БРИГАДИР,9,9,1,65295000,102.00 грн,90.36 грн,88.56 грн,85.00 грн,,
,            Труборіз для труб ПВХ Professional (16-42 mm) БРИГАДИР,9,9,1,84946000,49.02 грн,43.44 грн,42.54 грн,40.84 грн,,
,         8. Станки заточные БРИГАДИР,,,,,,,,,,
,"            Верстат для заточування ланцюга ""Бригадир Standart"" GM1L, 600 Вт",3,3,1,86501000,309.06 грн,273.78 грн,268.32 грн,257.55 грн,,
,"            Верстат для заточування ланцюга ""Бригадир Standart"" GM2S, 550 Вт",11,11,1,86502000,247.20 грн,219.00 грн,214.62 грн,205.99 грн,,
,        10. Автомойки ДНІПРО-М,,,,,,,,,,
,            Мойка високого тиску ДНІПРО-М,,,,,,,,,,
,                АМ1600,1,1,,70238001,579.18 грн,513.06 грн,502.80 грн,482.65 грн,,
,                АМ1800,2,2,,70238002,801.96 грн,710.34 грн,696.12 грн,668.28 грн,,
,                АМ2200,2,2,,70238003,"1,447.98 грн","1,282.56 грн","1,256.94 грн","1,206.61 грн",,
,        11. SPARKY,,,,,,,,,,
,"            Sparky  Шліфмашина кутова М750 (HD серия  ручка AVR) диск 125 мм, 750 Вт10000 об",2,2,1,88949000,517.02 грн,423.96 грн,413.64 грн,398.09 грн,351.56 грн,от 5 штук
,            Sparky Ланцюгова пила TV 1835 електрична,2,2,1,70279000,799.02 грн,655.20 грн,639.24 грн,615.23 грн,,
,            Sparky Ланцюгова пила TV 2040 електрична,2,2,1,70281000,999.00 грн,819.18 грн,799.20 грн,769.23 грн,,
,        15. Einhell,,,,,,,,,,
,            Аккумуляторная дрель-шуруповерт  Einhell BCD 12,3,3,1,15040000,249.00 грн,189.24 грн,184.26 грн,179.28 грн,,
,            Акумуляторна дриль-шуруповерт  Einhell BCD 18 1h,7,7,1,89077000,549.00 грн,417.24 грн,406.26 грн,395.28 грн,,
,            Акумуляторний дриль-шуруповерт  Einhell BCD 18 2В,5,5,1,70449000,409.02 грн,310.86 грн,302.70 грн,294.48 грн,,
,            Аккумуляторний дриль-шуруповерт  Einhell BT-CD 10.8/1 Li Kit,1,1,1,93494000,549.00 грн,417.24 грн,406.26 грн,395.28 грн,,
,            Акумуляторна дриль-шурупокрут  Einhell BT-CD 10.8/2 Li Kit,1,1,1,15025000,749.04 грн,569.28 грн,554.28 грн,539.28 грн,,
,            Акумуляторний дриль-шуруповерт  Einhell BT-CD 18,1,1,1,70388000,409.02 грн,310.86 грн,302.70 грн,294.48 грн,,
,            Аккумуляторная дрель-шуруповерт  Einhell RT-CD 10.8Li,1,1,1,11753000,799.02 грн,607.26 грн,591.30 грн,575.28 грн,,
,"            Акумуляторна дриль-шуруповерт Einhell BCD 14,4 2B",1,1,1,89075000,459.00 грн,348.84 грн,339.66 грн,330.48 грн,,
,            Аккумуляторная дрель-шуруповерт Einhell BCD 18 /1 2B,2,2,1,15042000,369.00 грн,280.44 грн,273.06 грн,265.68 грн,,
,"            Аккумуляторная отвёртка  Einhell BT-SD 3,6 /1Li",1,1,1,89031000,259.02 грн,196.86 грн,191.70 грн,186.48 грн,,
,"            Аккумуляторная отвертка Einhell BSD 3,6/1Li",1,1,1,15039000,199.02 грн,151.26 грн,147.30 грн,143.28 грн,,
,"            Аккумуляторна викрутка Einhell BT-SD 3,6/2 Li",1,1,1,70478000,248.04 грн,188.52 грн,183.54 грн,178.56 грн,,
,            Вібраційна шліфувальна машина Einhell BOS 150 ,2,2,1,89084000,192.60 грн,146.40 грн,142.56 грн,138.67 грн,,
,            Вібраційна шліфувальна машина Einhell BT-OS 280 Е,1,1,1,89049000,409.02 грн,310.86 грн,302.70 грн,294.48 грн,,
,            Гайковерт акумуляторний Einhell BUSS 18   АВТО,1,1,1,12610000,271.50 грн,206.34 грн,200.94 грн,195.48 грн,,
,            Стрічкова шліфмашина Einhell НБ BBS 720,2,2,1,89087000,544.02 грн,413.46 грн,402.60 грн,391.68 грн,,
,            Лобзик Einhell BJS 750  ,4,4,1,89091000,379.02 грн,288.06 грн,280.50 грн,272.88 грн,,
,            Лобзик Einhell BT-JS 650 E,2,2,1,89055000,399.00 грн,303.24 грн,295.26 грн,287.28 грн,,
,            Лобзик Einhell BT-JS 800 E,1,1,1,89056000,449.04 грн,341.28 грн,332.28 грн,323.28 грн,,
,            Лобзик Einhell RT-JS 85,1,1,1,89019000,699.00 грн,531.24 грн,517.26 грн,503.28 грн,,
,            Лобзик Einhell TН-JS 85,2,2,1,15007000,619.02 грн,495.24 грн,470.46 грн,458.06 грн,445.68 грн,от 3 тыс грн
,            Міксер Einhell BT-МХ 1100 Е,1,1,1,70445000,719.04 грн,546.48 грн,532.08 грн,517.68 грн,,
,            Багатофункціональний пристрій Einhell BТ-MG 135/1,1,1,1,70446000,529.02 грн,402.06 грн,391.50 грн,380.88 грн,,
,            Викрутка електрична Einhell BDY 720E,1,1,1,70474000,420.00 грн,319.20 грн,310.80 грн,302.40 грн,,
,            Перфоратор Einhell BRH 920 Е,3,3,1,89079000,809.04 грн,614.88 грн,598.68 грн,582.48 грн,,
,            Перфоратор Einhell BT-RH 1500,3,3,1,89040000,999.00 грн,759.24 грн,739.26 грн,719.28 грн,,
,            Перфоратор Einhell BT-RH 1500 Kit,1,1,1,93805000,899.04 грн,683.28 грн,665.28 грн,647.28 грн,,
,            Перфоратор Einhell BT-RH 600,1,1,1,70389000,749.04 грн,569.28 грн,554.28 грн,539.28 грн,,
,            Перфоратор Einhell BT-RH 900,2,1,1,89037000,839.04 грн,637.68 грн,620.88 грн,604.08 грн,,
,            Перфоратор Einhell BT-RH 920 E,2,2,1,89038000,778.02 грн,591.30 грн,575.76 грн,560.16 грн,,
,            Перфоратор Einhell BT-RH 920/1 ,1,1,1,70390000,899.04 грн,683.28 грн,665.28 грн,647.28 грн,,
,            Перфоратор Einhell RT-RH 32 Kit,1,1,1,15035000,"1,389.00 грн","1,055.64 грн","1,027.86 грн","1,000.08 грн",,
,            Полірувальна машина Einhell BT-PO 110,1,1,1,70442000,359.04 грн,272.88 грн,265.68 грн,258.48 грн,,
,            Полірувальна машина Einhell BT-PO 1100/1 E,2,2,1,93497000,749.04 грн,569.28 грн,554.28 грн,539.28 грн,,
,            Рубанок Einhell BT-PL 750,1,1,1,89058000,459.00 грн,348.84 грн,339.66 грн,330.48 грн,,
,            Рубанок Einhell BT-PL 900,1,1,1,89059000,559.02 грн,424.86 грн,413.70 грн,402.48 грн,,
,            Точило Einhell BT-BG 150,2,2,1,89061000,369.00 грн,280.44 грн,273.06 грн,265.68 грн,,
,            Точило Einhell BT-BG 175,1,1,1,89062000,834.00 грн,633.84 грн,617.16 грн,600.48 грн,,
,            Точило Einhell BT-BG 200,1,1,1,89063000,649.02 грн,493.26 грн,480.30 грн,467.28 грн,,
,            Шліфмашина кутова Einhell BAG 230,1,1,1,89083000,649.02 грн,493.26 грн,480.30 грн,467.28 грн,,
,            Шліфмашина кутова Einhell BT-AG 1000,5,5,1,89043000,459.00 грн,348.84 грн,339.66 грн,330.48 грн,,
,            Шліфмашина кутова Einhell RT-AG 230,1,1,1,89015000,999.00 грн,759.24 грн,739.26 грн,719.28 грн,,
,            Кутова шліфмашина Einhell TЕ-AG 125/750,1,1,1,15056000,449.04 грн,341.28 грн,332.28 грн,323.28 грн,,
,            Ударная дрель Einhell BED 500 E,6,6,1,15036000,229.02 грн,174.06 грн,169.50 грн,164.88 грн,,
,            Ударний дриль Einhell BID 650 E,10,10,1,89072000,289.02 грн,219.66 грн,213.90 грн,208.08 грн,,
,            Дриль ударний Einhell BID 710 E ,1,1,1,89073000,339.00 грн,257.64 грн,250.86 грн,244.08 грн,,
,            Дриль ударний Einhell BT-ID 650E,4,4,1,89025000,359.04 грн,272.88 грн,265.68 грн,258.48 грн,,
,            Дриль ударний Einhell BT-ID 710E,3,3,1,89026000,409.02 грн,310.86 грн,302.70 грн,294.48 грн,,
,            Дриль ударний Einhell RT-ID 75,1,1,1,89002000,699.00 грн,531.24 грн,517.26 грн,503.28 грн,,
,            Фен Einhell BHA 1500,2,2,1,89093000,179.04 грн,136.08 грн,132.48 грн,128.88 грн,,
,            Фен Einhell BHA 2000,4,4,1,89094000,211.02 грн,160.38 грн,156.18 грн,151.92 грн,,
,            Фрезер Einhell TH-RO 1100 E,1,1,1,11961000,619.02 грн,470.46 грн,458.10 грн,445.68 грн,,
,"            Фрезер багатофункціональний Einhell RT-MG 10,8/Li",1,1,1,70448000,899.04 грн,683.28 грн,665.28 грн,647.28 грн,,
,            Циркулярна пила Einhell BCS 55,1,1,1,89088000,499.02 грн,379.26 грн,369.30 грн,359.28 грн,,
,            Циркулярна пила Einhell BCS 64,1,1,1,89089000,599.04 грн,455.28 грн,443.28 грн,431.28 грн,,
,            Циркулярная пила Einhell BCS 64/1,1,1,1,15037000,529.02 грн,402.06 грн,391.50 грн,380.88 грн,,
,            Циркулярна пила Einhell BT-CS 1400/1,2,2,1,70391000,749.04 грн,569.28 грн,554.28 грн,539.28 грн,,
,            Ексцентрикова шліфувальна машина Einhell BT-RS 420 E,1,1,1,89048000,409.02 грн,310.86 грн,302.70 грн,294.48 грн,,
,"        29. Снегоуборщики БРИГАДИР, BUFF",,,,,,,,,,
,"            Снігоприбиральна машина 6,5 лс руч. старт SB-65",3,3,1,85963000,"5,434.92 грн","4,808.64 грн","4,636.92 грн","4,529.06 грн",,
,    30. Кормоизмельчители Q,,,,,,,,,,
,        2 Кормоизмельчители ИКОР,,,,,,,,,,
,"            Кормоподріб. ""Ікор-4"" (зерно)",4,4,1,64645000,"1,098.00 грн",846.00 грн,810.00 грн,798.00 грн,790.00 грн,
,"            Подрiбнювач кормiв ""Икор-5"" (зерно, кукурудза, коренеплоды)",5,5,1,70528000,"1,740.00 грн","1,530.00 грн","1,458.00 грн","1,416.00 грн","1,380.00 грн",
,        3 Зернодробилки Ярмаш,,,,,,,,,,
,"            Зернодробарка побутова ""Ярмаш"" - 170",1,1,1,65941000,860.00 грн,684.00 грн,675.00 грн,660.00 грн,647.00 грн,от 10 шт.
,"            Зернодробарка побутова ""Ярмаш"" - 250",2,2,1,65942000,845.00 грн,699.00 грн,684.00 грн,672.00 грн,659.00 грн,от 10 шт.
,"            Зернодробарка побутова ""Ярмаш"" - 300",5,4,1,65943000,870.00 грн,738.00 грн,726.00 грн,714.00 грн,700.00 грн,от 10 шт.
,        4 Корнерезки ,,,,,,,,,,
,            Коренерізка дискова з двигуном (фарбов.барабан) м. Вінниця,2,,1,64844000,"1,200.00 грн",936.00 грн,894.00 грн,870.00 грн,860.00 грн,от 5 шт. в ассортименте
,"            Коренерізка ручна ""Коза-Нова"" (барабан-нерж) г. Вінниця",3,3,1,64643000,516.00 грн,396.00 грн,378.00 грн,366.00 грн,362.00 грн,от 5 шт. в ассортименте
,"            Корнерізка ручна (барабан нерж., аналог ""Коза-Нова"") м.Харків",1,1,1,91703000,400.02 грн,294.00 грн,288.00 грн,280.02 грн,275.00 грн,от 10 шт. в ассортименте
,"            Корнерезка ручна (барабан оцинк., аналог ""Коза-Нова"")",1,1,1,11938000,370.02 грн,270.00 грн,262.80 грн,255.00 грн,245.00 грн,от 10 шт. в ассортименте
,"            Корнерезка ручная дисковая, г.Харьков",5,5,1,70274000,330.00 грн,246.00 грн,240.00 грн,234.00 грн,225.00 грн,от 5 шт. в ассортименте
,            Кукурудзолущилка ручна м. Винница,6,6,1,70244000,132.00 грн,95.04 грн,94.80 грн,91.80 грн,89.00 грн,от 5шт.
,"            Кукурудзолущилка з двигуном ""ЛАН""",9,9,1,70706000,615.00 грн,474.00 грн,465.00 грн,459.00 грн,450.00 грн,от 5шт. в ассорт
,            Кукурудзолущилка з двигуном м. Вінниця,3,3,1,70037000,615.00 грн,495.00 грн,474.00 грн,465.00 грн,459.00 грн,от 5шт. 
,        5 Кормоизмельчители и зернодробилки другие,,,,,,,,,,
,            Зернодробарка ЛАН-1 (зерно),5,5,,70630000,"1,050.00 грн",822.00 грн,786.00 грн,774.00 грн,765.00 грн,от 10шт
,            Зернодробарка ЛАН-2 (зерно+кукуруза),9,9,,70628000,"1,125.00 грн",906.00 грн,873.00 грн,861.00 грн,850.00 грн,от 10шт
,"            Зернодробарка ТМ ""VEGIS"" (зерно-початки) 2.2кВт",2,2,1,70500000,"2,272.02 грн","1,730.40 грн","1,663.98 грн","1,600.00 грн","1,580.00 грн",от 5шт.
,    30.1 Насосы,,,,,,,,,,
,"        Насос ""Струмочок"" Білорусь",131,127,1,62186000,280.02 грн,232.02 грн,225.00 грн,222.00 грн,218.00 грн,при закупке 50штук
,        Насос вібраційний ДНІПРО-М НВ-1,32,32,6,70174000,240.00 грн,188.04 грн,182.04 грн,178.00 грн,170.00 грн,при закупке 50штук
,        Насосные станции ДНІПРО-М,,,,,,,,,,
,            Насосна станція ДНІПРО-М (насос+бак+пульт),,,,,,,,,,
,                JET-110A (чавун) 1.1КВт,2,2,,70221002,728.64 грн,632.22 грн,619.56 грн,607.15 грн,,
,                JET-110ST (нерж) 1.1КВт,1,1,,70221004,799.74 грн,693.96 грн,680.10 грн,666.45 грн,,
,                JET-80A (чавун) 0.8КВт,3,3,,70221001,685.92 грн,595.20 грн,583.26 грн,571.58 грн,,
,                JET-80ST (нерж) 0.8КВт,2,2,,70221003,752.82 грн,653.22 грн,640.14 грн,627.31 грн,,
,        Насосы для грязной воды (фекальные),,,,,,,,,,
,"            Шланг для насосів и мотопомп (ткань, д50мм) 50м",3,3,,70499000,300.00 грн,272.34 грн,262.80 грн,251.11 грн,,
,"            Электронасос дренажний EuroKraft 1.6кВт P-203 (пластик, з ситом, з поплавком)",2,2,,70597000,340.02 грн,307.26 грн,296.52 грн,283.33 грн,,
,"            Електронасос дренажний Eurotec 2.45кВт PU206 (чавунний, з ситом, з поплавком)",4,4,,70556000,510.00 грн,462.36 грн,446.22 грн,426.36 грн,,
,"            Електронасос дренажний Eurotec 2.45кВт PU206 (чавунний, з ситом) ",2,2,,70555000,490.02 грн,442.44 грн,427.02 грн,408.01 грн,,
,        Насосы погружные дренажные ДНІПРО-М,,,,,,,,,,
,"            Насос дренажний Дніпро-М НДА-1 2.45кВт  (алюмінійовий, з ситом, фекальный)",2,2,,70454000,354.00 грн,300.00 грн,288.00 грн,282.00 грн,260.00 грн,от 20 шт в ассортименте
,"            Насос дренажний Дніпро-М НДА-1П 2.45кВт  (алюмінійовий з поплавком, з ситом, фекальный)",3,3,,70455000,384.00 грн,330.00 грн,312.00 грн,303.00 грн,280.00 грн,от 20 шт в ассортименте
,            Насос дренажный Дніпро-М НДН-1 2.75кВт (нерж),1,1,,70223000,605.04 грн,498.00 грн,474.00 грн,462.00 грн,430.00 грн,от 20 шт в ассортименте
,"            Насос дренажный Дніпро-М НДН-1П 2.75кВт (нерж, з поплавком)",2,2,,70224000,630.00 грн,516.00 грн,492.00 грн,480.00 грн,445.00 грн,от 20 шт в ассортименте
,            Насос дренажний Дніпро-М НДП-600П (пластик),1,1,,70215000,390.00 грн,315.78 грн,304.50 грн,297.40 грн,,
,"            Насос дренажний Дніпро-М НДЧ-1 2.75кВт  (чавунний, фекальний)",3,3,,70209000,575.04 грн,468.00 грн,444.00 грн,438.00 грн,400.00 грн,от 20 шт в ассортименте
,"            Насос дренажний Дніпро-М НДЧ-1П 2.75кВт  (чавуний, фекальний, з поплавком)",5,5,,70210000,600.00 грн,492.00 грн,468.00 грн,459.00 грн,420.00 грн,от 20 шт в ассортименте
,"            Насос дренажний Дніпро-М НДЧ-2Н 2.75кВт (чавун, з подрібнювачем, без поплавка)",1,1,,70364000,870.00 грн,720.00 грн,684.00 грн,669.00 грн,610.00 грн,от 20 шт в ассортименте
,"            Насос дренажний Дніпро-М НДЧ-2НП 2.75кВт (чавун, з подрібнювачем, з поплавком)",4,4,,70365000,900.00 грн,738.00 грн,702.00 грн,690.00 грн,630.00 грн,от 20 шт в ассортименте
